,FAKE,REAL,accuracy,macro avg,weighted avg
precision,0.8657937806873978,0.8658536585365854,0.8658247829518547,0.8658237196119916,0.865824499394558
recall,0.8573743922204214,0.8738461538461538,0.8658247829518547,0.8656102730332876,0.8658247829518547
f1-score,0.8615635179153095,0.8698315467075038,0.8658247829518547,0.8656975323114067,0.8658052059302473
support,617.0,650.0,0.8658247829518547,1267.0,1267.0
