,FAKE,REAL,accuracy,macro avg,weighted avg
precision,0.8676470588235294,0.8687022900763359,0.8681925808997633,0.8681746744499327,0.868188416609105
recall,0.8606158833063209,0.8753846153846154,0.8681925808997633,0.8680002493454682,0.8681925808997633
f1-score,0.8641171684296176,0.8720306513409962,0.8681925808997633,0.868073909885307,0.868176966292598
support,617.0,650.0,0.8681925808997633,1267.0,1267.0
